{"train/loss": 1.6388, "train/learning_rate": 1.9864431798318023e-05, "train/epoch": 0.01, "train/global_step": 700, "_timestamp": 1687770472.0292912, "_runtime": 1341.6076140403748, "_step": 6, "_wandb": {"runtime": 1489}}