{"train/loss": 1.9573, "train/learning_rate": 0.0, "train/epoch": 1.0, "train/global_step": 1250, "_timestamp": 1686948321.4726577, "_runtime": 8117.546515703201, "_step": 125, "train/train_runtime": 8119.8093, "train/train_samples_per_second": 1.232, "train/train_steps_per_second": 0.154, "train/total_flos": 1.2234350169951437e+17, "train/train_loss": 2.037054719543457, "_wandb": {"runtime": 8114}}