{"train/loss": 2.1984, "train/learning_rate": 1.9991325092170898e-05, "train/epoch": 0.0, "train/global_step": 80, "_timestamp": 1686937592.802065, "_runtime": 500.8573338985443, "_step": 7, "_wandb": {"runtime": 542}}