{"train/loss": 2.2909, "train/learning_rate": 8.000000000000001e-07, "train/epoch": 1.0, "train/global_step": 125, "_timestamp": 1687170966.2679677, "_runtime": 1135.4633467197418, "_step": 12, "train/train_runtime": 854.8249, "train/train_samples_per_second": 1.17, "train/train_steps_per_second": 0.146, "train/total_flos": 1.2256988502540288e+16, "train/train_loss": 2.575167541503906}