{"train/loss": 2.305, "train/learning_rate": 1.9990288857921137e-05, "train/epoch": 0.0, "train/global_step": 100, "_timestamp": 1687331516.1411293, "_runtime": 474.2826671600342, "_step": 0, "_wandb": {"runtime": 763}}