{"train/loss": 2.528, "train/learning_rate": 1.9997831273042726e-05, "train/epoch": 0.0, "train/global_step": 20, "_timestamp": 1686927219.0354843, "_runtime": 102.17472434043884, "_step": 1, "_wandb": {"runtime": 136}}