{"train/loss": 2.297, "train/learning_rate": 1.9990288857921137e-05, "train/epoch": 0.0, "train/global_step": 100, "_timestamp": 1687330224.8027298, "_runtime": 443.50733280181885, "_step": 0, "_wandb": {"runtime": 676}}